id,x,y,size,frame,track,ignore,track_fixed
75,467.3657695,942.0296756,1449,1,1,FALSE,1
101,583.4664522,918.0133272,2176,1,2,FALSE,2
149,526.0247859,767.5980171,2219,1,3,FALSE,3
154,855.7602862,747.8962433,559,1,4,FALSE,4
170,633.050173,500.3644752,1734,1,5,TRUE,5
74,477.198736,937.8321629,1424,2,1,FALSE,1
93,586.4469557,918.3284133,2168,2,2,FALSE,2
137,529.0054225,778.1156801,2213,2,3,FALSE,3
143,854.2296651,751.76874,627,2,4,FALSE,4
157,628.4947614,544.3242142,1718,2,5,TRUE,5
81,483.9239726,930.3041096,1460,3,1,FALSE,1
99,589.1139299,918.1632841,2168,3,2,FALSE,2
135,531.9905106,789.3099864,2213,3,3,FALSE,3
142,851.186722,757.02213,723,3,4,FALSE,4
154,598.5493612,577.07259,1722,3,6,FALSE,6
94,486.9636986,921.3321918,1460,4,1,FALSE,1
99,591.328125,917.2329963,2176,4,2,FALSE,2
123,534.9148364,800.0578216,2231,4,3,FALSE,3
131,847.3440428,761.7148594,747,4,4,FALSE,4
142,555.8086957,585.9721739,1725,4,7,FALSE,6
94,594.0310786,915.7678245,2188,5,2,FALSE,2
97,486.7420213,911.1675532,1504,5,1,FALSE,1
117,538.8397291,811.4577878,2215,5,3,FALSE,3
123,841.9685139,766.0843829,794,5,4,FALSE,4
132,516.4962793,567.1350887,1747,5,6,FALSE,6
102,596.1150483,914.3865624,2173,6,2,FALSE,2
106,481.9068989,902.4159411,1493,6,1,FALSE,1
123,541.9963866,820.7714544,2214,6,3,FALSE,3
128,837.2784615,769.0692308,650,6,4,FALSE,4
139,495.8573913,528.9385507,1725,6,5,TRUE,5
84,597.530407,913.5482396,2187,7,2,FALSE,2
91,472.7143795,895.6795798,1523,7,1,FALSE,1
102,546.3492631,830.2032157,2239,7,3,FALSE,3
110,829.1629393,771.3099042,626,7,4,FALSE,4
114,804.7605634,753.4647887,71,7,8,TRUE,8
123,503.5310145,485.8005797,1725,7,6,FALSE,6
76,598.0127971,913.2340037,2188,8,2,FALSE,2
90,461.0236842,892.7105263,1520,8,1,FALSE,1
99,550.8513876,839.1172784,2234,8,3,FALSE,3
102,816.5053191,771.0992908,564,8,4,TRUE,8
108,799.7162162,752.8108108,74,8,8,FALSE,4
119,535.863109,456.6154292,1724,8,6,FALSE,6
74,598.2,914.0054795,2190,9,2,FALSE,2
85,449.3388594,894.1299735,1508,9,1,FALSE,1
93,555.3029213,848.9793258,2225,9,3,FALSE,3
106,801.7034596,764.5551895,607,9,8,FALSE,4
115,578.617801,450.5555556,1719,9,6,FALSE,6
66,599.6115174,916.3377514,2188,10,2,FALSE,2
76,438.4823686,899.5169661,1503,10,1,FALSE,1
83,558.0860215,857.7065412,2232,10,3,FALSE,3
90,797.5435631,762.2379714,769,10,8,FALSE,4
102,615.7696726,471.4709937,1741,10,6,FALSE,6
66,601.0041341,920.6187414,2177,11,2,FALSE,2
75,432.034,907.9,1500,11,1,FALSE,1
82,560.6674137,865.4943971,2231,11,3,FALSE,3
89,794.1861013,759.0565371,849,11,8,FALSE,4
99,634.9867282,510.4685516,1733,11,6,FALSE,6
58,603.2024624,926.2590059,2193,12,2,FALSE,2
71,429.7475862,919.0172414,1450,12,1,FALSE,1
83,562.86978,874.298608,2227,12,3,FALSE,3
87,791.9733333,754.5695238,1050,12,8,FALSE,4
91,626.6786335,553.4701795,1727,12,6,FALSE,6
53,605.5203848,932.9335776,2183,13,2,FALSE,2
60,432.6384022,929.2123336,1427,13,1,FALSE,1
72,564.8881904,881.9335429,2227,13,3,FALSE,3
76,791.5415225,749.9567474,1156,13,8,FALSE,4
84,595.8042725,582.6016166,1732,13,6,FALSE,6
40,608.2490826,939.8394495,2180,14,2,FALSE,2
51,439.9764286,937.2807143,1400,14,1,FALSE,1
69,566.954792,887.334991,2212,14,3,FALSE,3
72,791.1518283,743.3370429,1258,14,8,FALSE,4
76,552.8206459,588.4786621,1734,14,6,FALSE,6
39,607.6859991,944.2700498,2207,15,2,FALSE,2
53,450.6845448,940.3987297,1417,15,1,FALSE,1
66,567.8334833,893.2182718,2222,15,3,FALSE,3
71,790.9472025,738.3333333,1269,15,8,FALSE,4
78,515.5544041,568.382844,1737,15,6,FALSE,6
36,614.119712,943.7259226,2222,16,2,FALSE,2
46,461.5575159,938.99506,1417,16,1,FALSE,1
56,568.3346902,896.8091361,2211,16,3,FALSE,3
65,791.9013975,731.1343168,1288,16,8,FALSE,4
71,496.9808474,529.3731863,1723,16,6,FALSE,6
36,615.1729901,942.7344173,2214,17,2,FALSE,2
44,470.9146853,932.5685315,1430,17,1,FALSE,1
54,567.9434216,897.8684329,2227,17,3,FALSE,3
61,794.3444692,725.3006682,1347,17,8,FALSE,4
67,506.3302326,487.5087209,1720,17,6,FALSE,6
34,614.8509572,944.064722,2194,18,2,FALSE,2
42,476.5778998,923.9224434,1457,18,1,FALSE,1
46,567.4306931,898.5076508,2222,18,3,FALSE,3
52,797.6224806,718.5178295,1290,18,8,FALSE,4
61,538.1541156,458.0496205,1713,18,6,FALSE,6
25,616.7903299,944.826028,2213,19,2,FALSE,2
38,478.1637466,913.3598383,1484,19,1,FALSE,1
40,567.7232988,904.4132492,2219,19,3,FALSE,3
47,802.3032,713.5056,1250,19,8,FALSE,4
55,580.1009281,453.0261021,1724,19,6,FALSE,6
25,619.3334842,944.2271493,2210,20,2,FALSE,2
38,567.7949413,911.6626016,2214,20,3,FALSE,3
41,475.0177112,902.150545,1468,20,1,FALSE,1
46,806.502669,709.5960854,1124,20,8,FALSE,4
54,616.9913991,474.8486239,1744,20,6,FALSE,6
29,621.8767558,943.1767105,2207,21,2,FALSE,2
40,567.7116954,917.4338169,2206,21,3,FALSE,3
46,468.3734467,892.8855461,1529,21,1,FALSE,1
50,812.3442623,706.5358607,976,21,8,FALSE,4
57,633.6893372,514.7291066,1735,21,6,FALSE,6
27,624.6893733,941.5962761,2202,22,2,FALSE,2
36,568.2567015,922.9918219,2201,22,3,FALSE,3
40,458.1106745,887.1165684,1527,22,1,FALSE,1
43,817.61,704.04375,800,22,8,FALSE,4
47,625.2540603,558.0319026,1724,22,6,FALSE,6
24,628.6078253,939.5614195,2198,23,2,FALSE,2
31,569.8235294,927.5412677,2193,23,3,FALSE,3
37,446.48831,885.3446894,1497,23,1,FALSE,1
41,822.6185714,705.0271429,700,23,8,FALSE,4
44,592.2221578,587.6734339,1724,23,6,FALSE,6
20,633.8418182,937.3036364,2200,24,2,FALSE,2
25,572.4343891,930.8506787,2210,24,3,FALSE,3
31,435.5521512,888.2157757,1534,24,1,FALSE,1
33,826.8745819,704.916388,598,24,8,FALSE,4
38,549.7341772,592.7951669,1738,24,6,FALSE,6
21,639.9318182,934.2245455,2200,25,2,FALSE,2
22,575.6736459,933.8375057,2197,25,3,FALSE,3
28,427.0399738,894.9639581,1526,25,1,FALSE,1
31,819.6,706.1619048,210,25,8,FALSE,4
33,847.856,714.24,125,25,4,TRUE,8
38,837.3292683,699.4268293,82,25,5,TRUE,5
41,512.3331422,572.1519495,1744,25,6,FALSE,6
23,579.164396,936.2057221,2202,26,3,FALSE,3
24,645.8701181,931.2511353,2202,26,2,FALSE,2
28,422.381457,905.6523179,1510,26,1,FALSE,1
34,851.762963,719.5259259,135,26,4,TRUE,8
37,823.9597315,703.0402685,149,26,8,FALSE,4
47,493.888437,533.9041255,1721,26,6,FALSE,6
16,583.4482289,938.0018165,2202,27,3,FALSE,3
18,652.1186364,928.5027273,2200,27,2,FALSE,2
22,421.6254249,917.1162475,1471,27,1,FALSE,1
29,847.2058824,725.0441176,68,27,4,TRUE,8
31,826.4375,706.8359375,128,27,8,FALSE,4
43,502.0369302,491.9953837,1733,27,6,FALSE,6
20,588.2110806,938.7147436,2184,28,3,FALSE,3
23,658.0427586,925.3682759,2175,28,2,FALSE,2
24,426.2057101,928.1720351,1366,28,1,FALSE,1
28,856.8613861,735.4851485,101,28,4,TRUE,8
34,829.9324324,707.8918919,74,28,8,FALSE,4
44,533.0011758,463.5608466,1701,28,6,FALSE,6
16,592.6832805,938.7580426,2207,29,3,FALSE,3
18,434.5823782,935.6260745,1396,29,1,FALSE,1
20,662.5562157,922.1535649,2188,29,2,FALSE,2
24,853.9380165,740.4132231,242,29,4,FALSE,4
35,835.031746,708.6507937,63,29,8,TRUE,8
41,575.7134537,458.9784508,1717,29,6,FALSE,6
13,597.6882646,938.7571364,2207,30,3,FALSE,3
14,446.5479063,938.1980128,1409,30,1,FALSE,1
16,667.8666361,918.95967,2182,30,2,FALSE,2
20,854.9592476,745.1974922,319,30,4,FALSE,4
37,613.4685879,480.5210375,1735,30,6,FALSE,6
11,603.0437528,938.1371222,2217,31,3,FALSE,3
13,458.8497884,935.8913963,1418,31,1,FALSE,1
14,673.0914495,915.3717421,2187,31,2,FALSE,2
18,852.6478261,747.5369565,460,31,4,FALSE,4
33,630.4080692,520.0489914,1735,31,6,FALSE,6
12,608.9030521,936.44614,2228,32,3,FALSE,3
13,468.0973389,929.5182073,1428,32,1,FALSE,1
15,678.4952208,911.2394174,2197,32,2,FALSE,2
22,850.0635452,752.7491639,598,32,4,FALSE,4
37,620.4499711,561.6090226,1729,32,6,FALSE,6
9,614.8043868,935.2278424,2234,33,3,FALSE,3
11,473.6736695,920.8403361,1428,33,1,FALSE,1
12,683.8860933,906.8357731,2186,33,2,FALSE,2
16,846.3986711,758.8920266,602,33,4,FALSE,4
27,587.6882217,589.1027714,1732,33,6,FALSE,6
9,620.986136,932.8707513,2236,34,3,FALSE,3
12,476.4142569,910.5783457,1487,34,1,FALSE,1
13,689.1637454,902.0419742,2168,34,2,FALSE,2
17,842.6491803,763.9,610,34,4,FALSE,4
29,544.816772,591.540494,1741,34,6,FALSE,6
10,627.3625171,930.3433653,2193,35,3,FALSE,3
11,474.2084806,899.5420495,1415,35,1,FALSE,1
12,694.6718529,896.8698727,2121,35,2,FALSE,2
14,837.1381119,768.5594406,572,35,4,FALSE,4
23,507.3487962,569.3147387,1703,35,6,FALSE,6
9,633.3709964,927.6085409,2248,36,3,FALSE,3
10,700.1310085,891.8755891,2122,36,2,FALSE,2
11,468.1799081,890.8535785,1523,36,1,FALSE,1
13,830.2927215,771.625,632,36,4,FALSE,4
15,803.6461538,758.0615385,65,36,8,TRUE,8
25,490.5483871,531.1480415,1736,36,6,FALSE,6
7,639.7817372,924.7024499,2245,37,3,FALSE,3
9,705.3723554,886.6088387,2127,37,2,FALSE,2
10,458.3569588,885.5296392,1552,37,1,FALSE,1
13,817.9566434,771.8503497,715,37,4,FALSE,4
27,498.9636049,489.6938186,1731,37,6,FALSE,6
7,646.0666963,921.79502,2249,38,3,FALSE,3
9,446.6892508,884.6143322,1535,38,1,FALSE,1
10,710.596599,881.0491261,2117,38,2,FALSE,2
13,808.9109312,770.48583,741,38,4,FALSE,4
26,530.4249275,461.4104348,1725,38,6,FALSE,6
7,653.159375,918.1553571,2240,39,3,FALSE,3
8,436.2153744,888.9019218,1509,39,1,FALSE,1
9,715.6548926,875.372315,2095,39,2,FALSE,2
12,797.7309942,767.3450292,684,39,4,FALSE,4
23,573.0250145,457.6073298,1719,39,6,FALSE,6
5,659.6332288,914.7183162,2233,40,3,FALSE,3
6,427.4302401,896.3659961,1541,40,1,FALSE,1
8,720.3208175,869.3393536,2104,40,2,FALSE,2
10,792.8590755,765.5434047,887,40,4,FALSE,4
21,609.6614764,480.9117647,1734,40,6,FALSE,6
5,666.8909825,911.1758636,2229,41,3,FALSE,3
6,422.681516,907.3603723,1504,41,1,FALSE,1
8,724.537619,862.81,2100,41,2,FALSE,2
10,788.9123153,761.2847291,1015,41,4,FALSE,4
20,624.5612421,521.9959747,1739,41,6,FALSE,6
4,422.9041579,919.2565187,1419,42,1,FALSE,1
5,674.0932242,907.530241,2199,42,3,FALSE,3
8,727.1987179,856.0310651,2028,42,2,FALSE,2
9,786.8018949,756.5667528,1161,42,4,FALSE,4
14,612.2278037,563.5040888,1712,42,6,FALSE,6
3,427.8177408,929.3991684,1443,43,1,FALSE,1
4,681.7308564,903.4268237,2207,43,3,FALSE,3
6,728.6967333,849.3393467,2051,43,2,FALSE,2
7,785.515896,751.5592486,1384,43,4,FALSE,4
10,577.5947035,589.1784686,1737,43,6,FALSE,6
2,437.5706175,936.79489,1409,44,1,FALSE,1
4,689.7296177,899.6374942,2171,44,3,FALSE,3
6,729.7766323,843.1865488,2037,44,2,FALSE,2
7,783.8986995,744.3059548,1461,44,4,FALSE,4
11,535.047756,590.1104718,1738,44,6,FALSE,6
3,450.3705584,937.8999275,1379,45,1,FALSE,1
5,696.9199063,896.0192037,2135,45,3,FALSE,3
6,730.6116028,837.8003933,2034,45,2,FALSE,2
7,782.5577746,737.4536377,1402,45,4,FALSE,4
14,499.8665511,565.4038128,1731,45,6,FALSE,6
3,461.2061928,933.6551724,1421,46,1,FALSE,1
5,703.8276823,892.6525778,2153,46,3,FALSE,3
6,731.4676153,833.0682041,2038,46,2,FALSE,2
7,784.0660562,730.1824722,1529,46,4,FALSE,4
14,486.6381997,525.0398153,1733,46,6,FALSE,6
3,469.5824561,926.8919298,1425,47,1,FALSE,1
5,710.0747664,888.828972,2140,47,3,FALSE,3
6,732.2030407,828.3227072,2039,47,2,FALSE,2
7,785.4527559,722.7480315,1524,47,4,FALSE,4
15,501.2139965,485.2770388,1729,47,6,FALSE,6
3,475.6121045,917.2462173,1454,48,1,FALSE,1
5,716.1548964,884.6963277,2124,48,3,FALSE,3
6,733.0486248,824.4125737,2036,48,2,FALSE,2
7,787.4352518,716.071223,1390,48,4,FALSE,4
18,537.3333333,461.6126437,1740,48,6,FALSE,6
3,476.9612817,906.9372497,1498,49,1,FALSE,1
5,721.452657,880.4603865,2070,49,3,FALSE,3
7,734.6730864,821.3545679,2025,49,2,FALSE,2
8,792.6060606,710.0754209,1485,49,4,FALSE,4
17,580.8739884,465.9606936,1730,49,6,FALSE,6
3,473.7039255,896.6766467,1503,50,1,FALSE,1
4,727.1114398,875.7085799,2028,50,3,FALSE,3
5,736.1004926,819.0783251,2030,50,2,FALSE,2
6,797.2162942,705.3785148,1387,50,4,FALSE,4
12,612.5727536,495.0591304,1725,50,6,FALSE,6
2,466.4993438,888.2283465,1524,51,1,FALSE,1
3,727.2566019,872.9292476,2007,51,3,FALSE,3
5,741.2622289,815.97882,1983,51,2,FALSE,2
7,801.7509758,701.8516784,1281,51,4,FALSE,4
14,619.428654,538.5857886,1731,51,6,FALSE,6
2,456.3924213,883.1637765,1557,52,1,FALSE,1
3,718.5550617,874.451358,2025,52,3,FALSE,3
5,742.951976,816.9364682,1999,52,2,FALSE,2
6,807.5958632,699.7191726,1257,52,4,FALSE,4
12,599.982808,577.3088825,1745,52,6,FALSE,6
2,444.5293742,882.6372925,1566,53,1,FALSE,1
3,705.090112,882.7233317,2053,53,3,FALSE,3
4,743.2649874,820.8851385,1985,53,2,FALSE,2
6,813.2082949,698.3373272,1085,53,4,FALSE,4
11,560.5043029,595.9288583,1743,53,6,FALSE,6
1,677.8364508,890.6565947,2085,54,3,FALSE,3
2,433.6434668,887.0472751,1523,54,1,FALSE,1
4,743.7668367,825.7204082,1960,54,2,FALSE,2
5,818.5326797,698.3028322,918,54,4,FALSE,4
10,517.0046163,587.7853433,1733,54,6,FALSE,6
2,425.5365696,895.2802589,1545,55,1,FALSE,1
3,652.3307618,891.512054,2074,55,3,FALSE,3
5,744.8977556,828.0703242,2005,55,2,FALSE,2
8,824.011335,700.3677582,794,55,4,FALSE,4
12,488.0511364,555.1948864,1760,55,6,FALSE,6
3,422.5102175,906.3513514,1517,56,1,FALSE,1
4,640.5241444,889.6596343,2133,56,3,FALSE,3
6,746.4113861,827.9292079,2020,56,2,FALSE,2
9,828.5078809,702.2556918,571,56,4,FALSE,4
17,482.7324914,512.1406429,1742,56,6,FALSE,6
2,424.3531398,917.9135719,1481,57,1,FALSE,1
3,638.5943831,891.4953959,2172,57,3,FALSE,3
4,747.883308,826.992897,1971,57,2,FALSE,2
5,821.9201521,702.9391635,263,57,4,FALSE,4
6,845.388,712.248,250,57,8,TRUE,8
14,504.2582133,475.2605187,1735,57,6,FALSE,6
1,431.2610497,927.1712707,1448,58,1,FALSE,1
3,631.2758158,885.2489942,2237,58,3,FALSE,3
4,748.6599379,825.9761905,1932,58,2,FALSE,2
5,824.2282609,706.0923913,184,58,4,FALSE,4
6,847.797619,722.1428571,168,58,8,TRUE,8
17,542.9982425,458.3304042,1707,58,6,FALSE,6
2,442.278086,933.1088766,1442,59,1,FALSE,1
4,640,866.1589464,2202,59,3,FALSE,3
5,749.2102754,824.5513771,1888,59,2,FALSE,2
11,847.8516746,724.3732057,209,59,8,TRUE,8
13,825.0175439,709.2982456,114,59,4,FALSE,4
25,585.76101,467.3323547,1703,59,6,FALSE,6
1,454.3783593,933.2227723,1414,60,1,FALSE,1
4,675.373057,853.8699953,2123,60,3,FALSE,3
5,752.1585106,821.3207447,1880,60,2,FALSE,2
11,847.9954545,728.7363636,220,60,8,FALSE,4
18,833.1842105,705.6710526,76,60,4,TRUE,8
23,615.7084765,499.9621993,1746,60,6,FALSE,6
1,465.5841155,928.4375451,1385,61,1,FALSE,1
4,702.1670978,854.8334196,1933,61,3,FALSE,3
5,752.3887324,818.7695775,1775,61,2,FALSE,2
8,843.2699387,741.1411043,163,61,8,FALSE,4
25,621.8711944,543.5942623,1708,61,6,FALSE,6
2,473.1902806,920.8747433,1461,62,1,FALSE,1
5,710.7969165,859.8176502,1881,62,3,FALSE,3
6,750.6427824,818.6579498,1912,62,2,FALSE,2
9,845.8730159,745.8793651,315,62,8,FALSE,4
23,601.8802326,582.0017442,1720,62,6,FALSE,6
1,477.5666884,911.245283,1537,63,1,FALSE,1
2,711.6855919,860.4011784,1867,63,3,FALSE,3
3,750.0916539,819.6743472,1953,63,2,FALSE,2
6,846.6694215,752.8732782,363,63,8,FALSE,4
21,561.5298465,599.1961342,1759,63,6,FALSE,6
2,477.6819651,900.2986425,1547,64,1,FALSE,1
3,726.7248596,851.3057682,1959,64,3,FALSE,3
4,756.3520983,799.2169908,1954,64,2,FALSE,2
5,842.82494,755.9760192,417,64,8,FALSE,4
21,518.3356243,589.5652921,1746,64,6,FALSE,6
2,472.3901028,889.7152956,1556,65,1,FALSE,1
3,726.1744766,842.495015,2006,65,3,FALSE,3
4,755.4285714,792.3900709,1974,65,2,FALSE,2
6,836.8065173,760.6782077,491,65,8,FALSE,4
17,490.0286533,555.7856734,1745,65,6,FALSE,6
2,463.2634271,881.9315857,1564,66,1,FALSE,1
3,718.21875,823.7520833,1920,66,3,FALSE,3
4,755.2382851,784.7038883,2006,66,2,FALSE,2
6,827.2036082,764.4201031,388,66,8,FALSE,4
10,807.8888889,748.0555556,108,66,5,TRUE,5
11,849.7333333,756.3066667,75,66,4,TRUE,8
20,487.4353547,511.6590389,1748,66,6,FALSE,6
1,451.3082278,878.7259494,1580,67,1,FALSE,1
2,713.2536801,817.5201178,2038,67,3,FALSE,3
3,754.9396509,782.5371571,2005,67,2,FALSE,2
4,816.5325543,762.4140234,599,67,8,FALSE,4
17,512.2704403,475.2418525,1749,67,6,FALSE,6
1,438.3460765,880.4674715,1491,68,1,FALSE,1
4,709.9790837,815.74751,2008,68,3,FALSE,3
5,753.6580977,780.2097686,1945,68,2,FALSE,2
9,798.7969925,750.1729323,133,68,5,TRUE,5
10,807.6787709,761.7821229,358,68,8,FALSE,4
21,552.7945691,460.4197166,1694,68,6,FALSE,6
2,428.0942803,885.929604,1591,69,1,FALSE,1
3,704.3415326,814.9020814,2114,69,3,FALSE,3
4,750.6038576,781.1978239,2022,69,2,FALSE,2
7,801.1209564,758.2601969,711,69,8,FALSE,4
18,594.8011461,471.9083095,1745,69,6,FALSE,6
1,421.3320562,895.3895275,1566,70,1,FALSE,1
4,799.0672269,754.2773109,833,70,8,FALSE,4
13,620.9570693,506.3800801,1747,70,6,FALSE,6
14,708.7414773,802.657197,2112,70,3,FALSE,3
15,754.6591237,779.3461724,2077,70,2,FALSE,2
1,418.6903984,907.4637492,1531,71,1,FALSE,1
3,726.8322785,818.8802743,1896,71,3,FALSE,3
4,758.427204,778.8211587,1985,71,2,FALSE,2
5,797.9588101,746.4851259,874,71,8,FALSE,4
17,623.0138169,550.9009787,1737,71,6,FALSE,6
1,422.023427,918.5354752,1494,72,1,FALSE,1
2,731.1784884,824.5063953,1720,72,3,FALSE,3
4,756.9421446,778.638404,2005,72,2,FALSE,2
6,796.7278846,740.7644231,1040,72,8,FALSE,4
16,597.7249712,586.9102417,1738,72,6,FALSE,6
2,430.8600683,926.1986348,1465,73,1,FALSE,1
5,721.6185204,830.8595873,1987,73,3,FALSE,3
6,756.3646654,781.7775591,2032,73,2,FALSE,2
9,795.6525497,736.4433881,1157,73,8,FALSE,4
16,556.5279043,601.3690205,1756,73,6,FALSE,6
1,442.7918112,928.9673838,1441,74,1,FALSE,1
4,696.0325165,825.6776626,2122,74,3,FALSE,3
5,754.541708,785.5367428,2014,74,2,FALSE,2
6,795.375517,731.8354012,1209,74,8,FALSE,4
13,514.2390188,587.0752995,1753,74,6,FALSE,6
1,454.5837004,927.7547724,1362,75,1,FALSE,1
4,683.8402218,808.1320565,1984,75,3,FALSE,3
5,755.0562372,787.1083845,1956,75,2,FALSE,2
6,797.2082616,727.1523236,1162,75,8,FALSE,4
13,488.5198598,550.9497664,1712,75,6,FALSE,6
2,464.4128944,921.9650206,1458,76,1,FALSE,1
4,684.7596822,799.08143,2014,76,3,FALSE,3
5,757.938745,787.2649402,2008,76,2,FALSE,2
6,800.6613394,722.0289193,1314,76,8,FALSE,4
9,490.2914286,508.3811429,1750,76,6,FALSE,6
1,470.7087766,912.7333777,1504,77,1,FALSE,1
4,692.1604814,791.8821464,1994,77,3,FALSE,3
5,761.7894472,788.2175879,1990,77,2,FALSE,2
6,803.6698488,718.150358,1257,77,8,FALSE,4
11,519.0961098,475.9473684,1748,77,6,FALSE,6
1,471.9755937,901.5850923,1516,78,1,FALSE,1
2,699.7522704,789.283552,1982,78,3,FALSE,3
3,765.0213098,788.3991684,1924,78,2,FALSE,2
6,806.8666667,715.765812,1170,78,8,FALSE,4
13,561.2514484,466.8412514,1726,78,6,FALSE,6
1,469.3433696,890.9602819,1561,79,1,FALSE,1
2,767.6768905,788.7054469,1891,79,2,FALSE,2
3,706.8144638,791.4743142,2005,79,3,FALSE,3
4,811.2516011,712.4327539,1093,79,8,FALSE,4
12,601.2327044,485.3990852,1749,79,6,FALSE,6
1,460.7709533,882.8458093,1563,80,1,FALSE,1
2,713.6251905,797.9024886,1969,80,3,FALSE,3
3,767.3475707,790.0619327,1873,80,2,FALSE,2
4,815.6069042,710.4008909,898,80,8,FALSE,4
9,623.5183066,524.166476,1748,80,6,FALSE,6
1,449.3672173,877.2712834,1574,81,1,FALSE,1
3,716.103764,807.2792472,1966,81,3,FALSE,3
4,769.6593767,789.4669218,1829,81,2,FALSE,2
9,820.3587604,709.2634088,839,81,8,FALSE,4
13,617.7146958,568.5195178,1742,81,6,FALSE,6
1,437.3731061,876.1616162,1584,82,1,FALSE,1
2,712.5502564,815.1189744,1950,82,3,FALSE,3
3,771.6167665,789.1687534,1837,82,2,FALSE,2
5,824.4507628,709.6920943,721,82,8,FALSE,4
9,588.1823899,599.0617496,1749,82,6,FALSE,6
1,425.9653652,880.9754408,1588,83,1,FALSE,1
2,705.8389195,820.2611306,1999,83,3,FALSE,3
3,770.7776549,789.4955752,1808,83,2,FALSE,2
5,830.4884135,710.3493761,561,83,8,FALSE,4
11,544.2457531,606.8437146,1766,83,6,FALSE,6
1,418.3128911,889.4668335,1598,84,1,FALSE,1
2,697.1345473,820.6145675,1977,84,3,FALSE,3
3,770.9747049,790.0612704,1779,84,2,FALSE,2
6,846.690678,716.9915254,236,84,5,TRUE,5
7,821.5572139,709.8308458,201,84,8,FALSE,4
16,504.3327655,586.3140261,1761,84,6,FALSE,6
1,414.9721519,901.128481,1580,85,1,FALSE,1
2,691.0115404,814.9347717,1993,85,3,FALSE,3
3,772.4164338,788.5248742,1789,85,2,FALSE,2
10,849.3430962,723.3138075,239,85,5,TRUE,5
13,824.6794872,708.8589744,156,85,8,FALSE,4
21,485.4783845,546.0637088,1758,85,6,FALSE,6
1,417.867541,912.5265574,1525,86,1,FALSE,1
2,689.963335,806.5349071,1991,86,3,FALSE,3
3,771.8738318,787.0549065,1712,86,2,FALSE,2
9,851.7040816,730.9591837,196,86,5,TRUE,5
15,829.3738318,708.2616822,107,86,8,FALSE,4
26,494.5437284,503.155351,1738,86,6,FALSE,6
1,424.5169377,921.6856369,1476,87,1,FALSE,1
4,694.0962406,799.0215539,1995,87,3,FALSE,3
5,772.9719359,786.2199313,1746,87,2,FALSE,2
9,853.0255474,740.2043796,274,87,5,TRUE,5
20,830.8,711.6133333,75,87,8,FALSE,4
30,527.7961054,475.5337915,1746,87,6,FALSE,6
1,436.4344491,927.0334728,1434,88,1,FALSE,1
5,702.5848012,795.8852542,1987,88,3,FALSE,3
6,774.5648201,785.2707025,1751,88,2,FALSE,2
7,851.7324841,744.9745223,314,88,5,TRUE,5
16,836.1358025,713.8395062,81,88,8,FALSE,4
24,571.0122022,472.929111,1721,88,6,FALSE,6
1,448.6853777,925.8773389,1443,89,1,FALSE,1
3,712.5710723,798.8822943,2005,89,3,FALSE,3
4,772.9162588,785.4970092,1839,89,2,FALSE,2
5,851.7223265,747.4859287,533,89,5,FALSE,4
9,835.7666667,720.6666667,90,89,8,TRUE,5
17,607.1176808,497.2967853,1742,89,6,FALSE,6
1,459.1344828,919.5593103,1450,90,1,FALSE,1
4,714.8975172,807.2150026,1893,90,3,FALSE,3
5,769.8975454,787.6515475,1874,90,2,FALSE,2
6,848.8018018,754.0252252,555,90,5,FALSE,4
18,620.7786697,539.9380734,1744,90,6,FALSE,6
1,466.5670853,911.3417052,1513,91,1,FALSE,1
3,727.1179744,816.6176962,1797,91,3,FALSE,3
4,770.5440793,786.0511215,1917,91,2,FALSE,2
7,846.6245791,756.7356902,594,91,5,FALSE,4
17,606.4389966,580.7041049,1754,91,6,FALSE,6
1,469.477154,900.1834204,1532,92,1,FALSE,1
2,728.2892325,834.3648339,1746,92,3,FALSE,3
3,764.7291452,786.9994851,1942,92,2,FALSE,2
5,842.5804878,762.2487805,615,92,5,FALSE,4
19,569.2080728,603.7754406,1759,92,6,FALSE,6
1,466.7105089,888.5446134,1513,93,1,FALSE,1
4,716.5252918,841.5147304,1799,93,3,FALSE,3
5,759.1777664,791.3693648,1952,93,2,FALSE,2
6,836.6472303,766.0845481,686,93,5,FALSE,4
8,808.203125,753.71875,64,93,8,TRUE,5
18,525.7253561,599.1230769,1755,93,6,FALSE,6
1,459.5238994,878.7647799,1590,94,1,FALSE,1
2,705.1473945,841.4297767,2015,94,3,FALSE,3
3,756.8094512,792.4441057,1968,94,2,FALSE,2
4,828.3849693,769.9371166,652,94,5,FALSE,4
7,803.0769231,757.6282051,78,94,8,TRUE,5
15,493.6574022,567.6063528,1763,94,6,FALSE,6
1,450.1913043,873.0291925,1610,95,1,FALSE,1
2,722.8482792,840.9975763,2063,95,3,FALSE,3
4,753.7163814,790.6391198,2045,95,2,FALSE,2
6,815.6807314,766.9620253,711,95,5,FALSE,4
15,487.5561224,524.1530612,1764,95,6,FALSE,6
1,438.5645664,872.4803493,1603,96,1,FALSE,1
2,735.0220372,862.9711068,2042,96,3,FALSE,3
3,749.1678116,793.4146222,2038,96,2,FALSE,2
9,803.7606973,766.0491284,631,96,5,FALSE,4
10,836.015625,773.625,64,96,8,TRUE,5
21,509.7449626,485.3724813,1737,96,6,FALSE,6
2,736.8992366,879.8498728,1965,97,3,FALSE,3
3,427.4893484,876.9385965,1596,97,1,FALSE,1
4,746.8839458,797.0638298,2068,97,2,FALSE,2
7,799.0588235,763.4535948,765,97,5,FALSE,4
19,549.6605187,468.6951009,1735,97,6,FALSE,6
1,418.7217069,885.2189239,1617,98,1,FALSE,1
2,747.7511568,872.0966581,1945,98,3,FALSE,3
3,744.5240385,799.1115385,2080,98,2,FALSE,2
5,795.7772021,760.5233161,965,98,5,FALSE,4
16,591.28856,480.1326124,1757,98,6,FALSE,6
1,414.731599,895.9010152,1576,99,1,FALSE,1
2,753.9379562,867.153806,1918,99,3,FALSE,3
5,742.7571293,801.2229087,2104,99,2,FALSE,2
6,791.4266667,756.6380952,1050,99,5,FALSE,4
17,618.0461802,514.663626,1754,99,6,FALSE,6
1,415.2546744,907.5731786,1551,100,1,FALSE,1
2,760.1421995,861.9667519,1955,100,3,FALSE,3
3,741.9114286,803.577619,2100,100,2,FALSE,2
4,789.8916545,752.0051245,1366,100,5,FALSE,4
7,618.155467,558.4903189,1756,100,6,FALSE,6
6,422.8548168,917.0454545,1474,101,1,FALSE,1
9,768.866201,854.5470177,1861,101,3,FALSE,3
12,740.7465261,805.2750359,2087,101,2,FALSE,2
17,786.6392982,746.3087719,1425,101,5,FALSE,4
22,589.7671233,592.961758,1752,101,6,FALSE,6
1,435.1061644,922.6863014,1460,102,1,FALSE,1
3,778.2729659,845.8593176,1905,102,3,FALSE,3
4,740.7730091,806.7215069,2097,102,2,FALSE,2
5,786.3011811,740.5052493,1524,102,5,FALSE,4
10,548.1570062,601.1069218,1777,102,6,FALSE,6
1,446.4352368,922.7339833,1436,103,1,FALSE,1
3,785.0645868,836.5697865,1827,103,3,FALSE,3
4,738.2632816,804.7682181,2127,103,2,FALSE,2
5,785.1149647,734.179833,1557,103,5,FALSE,4
9,507.7374302,581.9413408,1790,103,6,FALSE,6
1,457.2867847,917.9638965,1468,104,1,FALSE,1
4,791.4522329,829.3753533,1769,104,3,FALSE,3
5,738.2292546,806.3281763,2133,104,2,FALSE,2
7,785.7072716,727.2218769,1609,104,5,FALSE,4
13,490.6854884,542.9728967,1771,104,6,FALSE,6
1,464.618984,908.9518717,1496,105,1,FALSE,1
3,801.017094,818.7393162,1638,105,3,FALSE,3
4,739.0033654,807.0706731,2080,105,2,FALSE,2
7,787.3146853,720.6141132,1573,105,5,FALSE,4
12,501.6415853,500.2538771,1741,105,6,FALSE,6
1,468.2687053,899.1106051,1537,106,1,FALSE,1
3,741.2974806,808.1768411,2064,106,2,FALSE,2
4,814.2740189,803.7395129,1478,106,3,FALSE,3
8,791.043222,713.8906352,1527,106,5,FALSE,4
14,535.7693182,474.0494318,1760,106,6,FALSE,6
1,466.1853503,888.1025478,1570,107,1,FALSE,1
3,742.0810413,808.8035363,2036,107,2,FALSE,2
5,819.2820334,797.6706128,1436,107,3,FALSE,3
10,796.5674764,711.2854251,1482,107,5,FALSE,4
17,580.5591954,474.066092,1740,107,6,FALSE,6
1,460.2202233,878.3349876,1612,108,1,FALSE,1
2,743.2636816,809.0303483,2010,108,2,FALSE,2
3,825.5432862,791.3922261,1132,108,3,FALSE,3
10,802.0629978,706.6676322,1381,108,5,FALSE,4
18,614.7726244,501.5995475,1768,108,6,FALSE,6
1,451.0735202,871.5875389,1605,109,1,FALSE,1
2,743.157741,809.5326193,2054,109,2,FALSE,2
4,821.3228758,796.2359477,1530,109,3,TRUE,5
5,794.3376623,794.025974,77,109,8,FALSE,3
8,809.1176471,705.4174837,1224,109,5,FALSE,4
11,624.7711864,544.6870056,1770,109,6,FALSE,6
1,439.9343961,869.7903127,1631,110,1,FALSE,1
2,739.9468765,809.4244958,2033,110,2,FALSE,2
3,805.407619,810.1028571,1575,110,8,FALSE,3
8,816.4574976,706.8042025,1047,110,5,FALSE,4
10,606.963657,584.4491766,1761,110,6,FALSE,6
1,428.8935504,873.0839073,1597,111,1,FALSE,1
2,799.2954545,808.7540107,1496,111,8,FALSE,3
3,738.4259804,808.4828431,2040,111,2,FALSE,2
6,822.1961538,705.2166667,780,111,5,FALSE,4
11,569.1046119,606.0849269,1778,111,6,FALSE,6
1,420.182889,880.8642281,1613,112,1,FALSE,1
2,797.9811701,809.1049092,1487,112,8,FALSE,3
3,739.4455635,804.9645084,2085,112,2,FALSE,2
6,819.3299492,703.3451777,394,112,5,FALSE,4
10,842.5384615,713.2217195,221,112,3,TRUE,5
13,525.6728708,599.7535251,1773,112,6,FALSE,6
1,415.2968654,891.0872772,1627,113,1,FALSE,1
2,792.2554169,806.9481287,1523,113,8,FALSE,3
3,743.9625,797.7894231,2080,113,2,FALSE,2
6,831.8813869,709.3631387,548,113,3,TRUE,5
15,494.3579767,566.8515842,1799,113,6,FALSE,6
1,415.8576899,902.5922144,1567,114,1,FALSE,1
3,794.2921271,799.3736188,1448,114,8,FALSE,3
4,742.6620326,792.0316395,2086,114,2,FALSE,2
6,846.4160584,721.4525547,137,114,5,FALSE,4
10,823.6745562,703.8047337,169,114,3,TRUE,5
19,490.6939239,523.8881317,1761,114,6,FALSE,6
1,422.0895317,913.2114325,1452,115,1,FALSE,1
3,795.4559387,808.8090677,1566,115,8,FALSE,3
5,735.6359316,791.3930608,2104,115,2,FALSE,2
8,846.3719008,727.3801653,121,115,5,FALSE,4
14,822.2857143,711.6714286,70,115,3,TRUE,5
27,515.2618497,486.0612717,1730,115,6,FALSE,6
2,431.9356137,919.7934272,1491,116,1,FALSE,1
4,795.0810364,817.0716648,1814,116,8,FALSE,3
5,731.2818266,789.9787823,2168,116,2,FALSE,2
6,851.7619048,735.8928571,252,116,5,FALSE,4
18,825.1948052,712.8961039,77,116,3,TRUE,5
24,555.9105413,473.2433048,1755,116,6,FALSE,6
1,444.2445993,921.4020906,1435,117,1,FALSE,1
3,808.2548662,805.2658151,1644,117,8,FALSE,3
4,730.114564,790.2935993,2156,117,2,FALSE,2
5,849.2869565,738.8304348,230,117,5,FALSE,4
7,826.6020408,717.2857143,98,117,3,TRUE,5
20,597.0051136,488.9909091,1760,117,6,FALSE,6
1,455.6097902,918.4090909,1430,118,1,FALSE,1
5,728.7911422,790.8680653,2145,118,2,FALSE,2
6,817.2028024,795.6224189,1356,118,8,FALSE,3
11,847.4365672,742.511194,268,118,5,FALSE,4
26,619.5275412,527.8892675,1761,118,6,FALSE,6
2,465.3455782,911.4761905,1470,119,1,FALSE,1
4,821.7381116,799.3680221,1451,119,8,FALSE,3
5,727.1866359,791.2576037,2170,119,2,FALSE,2
10,851.1540284,744.8578199,422,119,5,FALSE,4
21,613.1993224,571.5347261,1771,119,6,FALSE,6
3,469.5524934,901.2211286,1524,120,1,FALSE,1
5,803.3090909,813.1366771,1595,120,8,FALSE,3
6,723.8336364,791.5690909,2200,120,2,FALSE,2
10,849.5819113,754.1706485,586,120,5,FALSE,4
21,581.9781268,602.0852496,1783,120,6,FALSE,6
1,470.1339286,890.7028061,1568,121,1,FALSE,1
2,777.0812655,808.2208437,1612,121,8,FALSE,3
3,718.5063579,791.619891,2202,121,2,FALSE,2
4,847.1626016,761.8604336,738,121,5,FALSE,4
17,539.4764838,607.5789474,1786,121,6,FALSE,6
1,466.3043206,879.9906074,1597,122,1,FALSE,1
3,844.7084282,766.5148064,878,122,5,FALSE,4
13,503.2689076,584.3428571,1785,122,6,FALSE,6
14,702.8080946,789.0231924,2199,122,2,FALSE,2
15,756.5256341,793.9962223,1853,122,8,FALSE,3
7,457.4461634,871.8935644,1616,123,1,FALSE,1
8,749.7982599,795.9396411,1839,123,8,FALSE,3
9,697.1248877,785.1603774,2226,123,2,FALSE,2
10,840.219697,773.0140693,924,123,5,FALSE,4
17,487.0084364,542.4060742,1778,123,6,FALSE,6
6,446.309816,868.5496933,1630,124,1,FALSE,1
7,745.2221064,791.7945777,1918,124,8,FALSE,3
8,696.7379679,783.6073975,2244,124,2,FALSE,2
9,836.375502,777.4066265,996,124,5,FALSE,4
19,501.1741826,500.5315671,1774,124,6,FALSE,6
2,435.0018738,870.3054341,1601,125,1,FALSE,1
4,698.7101124,784.3793258,2225,125,2,FALSE,2
5,753.4627109,782.1420795,1837,125,8,FALSE,3
6,834.832008,780.4403579,1006,125,5,FALSE,4
17,536.53386,475.4142212,1772,125,6,FALSE,6
2,425.0740284,876.1307835,1621,126,1,FALSE,1
5,829.6434034,784.5229446,1046,126,5,FALSE,4
6,804.6161616,771.1313131,99,126,3,TRUE,5
12,581.4971526,478.3416856,1756,126,6,FALSE,6
13,692.8947133,785.4735663,2232,126,2,FALSE,2
14,740.459758,771.7122567,1901,126,8,FALSE,3
3,418.50369,886.1838868,1626,127,1,FALSE,1
4,692.7115903,785.2506739,2226,127,2,FALSE,2
5,821.625448,787.15681,1116,127,5,FALSE,4
6,744.9157895,765.6344498,2090,127,8,FALSE,3
13,613.8245516,507.4321749,1784,127,6,FALSE,6
3,417.1581957,897.5158831,1574,128,1,FALSE,1
4,749.6070908,785.5735794,2059,128,8,FALSE,3
5,691.5071878,785.6761006,2226,128,2,FALSE,2
6,815.5240175,787.5650655,1145,128,5,FALSE,4
11,621.3301462,551.6895388,1778,128,6,FALSE,6
2,420.6546763,908.5840419,1529,129,1,FALSE,1
6,806.4111588,788.9493562,1165,129,5,FALSE,4
13,599.8368272,591.5694051,1765,129,6,FALSE,6
14,733.2345059,809.3026242,1791,129,8,FALSE,3
15,671.1075121,780.9400414,1451,129,3,FALSE,2
16,699.3130755,795.0239411,1086,129,2,TRUE,5
1,429.073302,916.8184264,1487,130,1,FALSE,1
4,796.5181195,790.2840353,1021,130,5,FALSE,4
16,558.6632997,609.3030303,1782,130,6,FALSE,6
17,710.55311,818.7239234,2090,130,8,FALSE,3
18,665.8217913,781.8088643,2166,130,3,FALSE,2
5,440.4322668,920.3369639,1469,131,1,FALSE,1
7,705.269306,818.4916911,2046,131,8,FALSE,3
8,790.5145396,788.4878837,1238,131,5,FALSE,4
9,663.8325873,779.126231,2234,131,3,FALSE,2
17,515.9245388,595.8188932,1789,131,6,FALSE,6
2,453.242025,918.6601942,1442,132,1,FALSE,1
4,701.6952854,812.9717122,2015,132,8,FALSE,3
5,802.2888889,805.6111111,90,132,2,TRUE,5
6,783.5748299,785.2287415,1176,132,5,FALSE,4
8,662.5334231,774.2889188,2229,132,3,FALSE,2
14,489.7057842,560.3859844,1798,132,6,FALSE,6
4,463.9836995,912.7328136,1411,133,1,FALSE,1
6,699.0628141,807.4376884,1990,133,8,FALSE,3
9,779.4217507,783.3766578,1131,133,5,FALSE,4
11,663.7481851,768.612069,2204,133,3,FALSE,2
17,491.7066282,516.2466859,1735,133,6,FALSE,6
3,470.8894772,904.1403044,1511,134,1,FALSE,1
6,778.1040627,779.7056308,1403,134,5,FALSE,4
12,519.1941309,483.2793454,1772,134,6,FALSE,6
13,664.1621984,765.62958,2238,134,3,FALSE,2
14,700.4198397,801.2119238,1996,134,8,FALSE,3
4,342.4769231,987.7384615,65,135,9,TRUE,9
62,792.8181818,955.3522727,88,135,10,TRUE,10
85,470.8894772,904.1403044,515,135,1,FALSE,1
114,268.1909091,942.3636364,110,135,11,TRUE,11
143,784.9349593,917.7317073,123,135,12,TRUE,12
147,663.7481851,768.612069,74,135,3,FALSE,2
148,763.7976879,922.7514451,173,135,13,TRUE,13
237,826.4092034,864.2756061,2021,135,14,TRUE,14
243,927.1826923,886.25,208,135,15,TRUE,15
259,789.5762712,894.1525424,118,135,16,TRUE,16
261,837.408805,891.8490566,159,135,17,TRUE,17
266,700.4198397,801.2119238,227,135,8,FALSE,3
281,283.7217391,886.0217391,230,135,18,TRUE,18
410,214.5147059,836.0735294,68,135,19,TRUE,19
432,143.0304569,816.4213198,197,135,20,TRUE,20
449,856.0362319,805.7101449,138,135,2,TRUE,5
469,864.1806452,766.0967742,155,135,21,TRUE,21
470,875.1865889,791.3411079,343,135,22,TRUE,22
478,779.6660324,774.9781161,2102,135,5,FALSE,4
505,910.4230769,772.7692308,78,135,23,TRUE,23
530,208.7040816,735.1836735,98,135,24,TRUE,24
536,182.5465995,710.6448363,397,135,25,TRUE,25
556,218.0145985,693.7810219,137,135,26,TRUE,26
627,211.3809524,592.984127,63,135,27,TRUE,27
654,581.4971526,478.3416856,161,135,6,FALSE,6
787,337.047619,355.4761905,63,135,28,TRUE,28
817,309.4109589,335.8767123,73,135,29,TRUE,29
846,462.9657795,314.7110266,263,135,30,TRUE,30
889,569.3916914,292.9540059,674,135,31,TRUE,31
895,439.8061224,300.2346939,98,135,32,TRUE,32
915,514.4297521,294.7768595,121,135,33,TRUE,33
1008,554.8333333,271.0555556,90,135,34,TRUE,34
1009,605.8563636,984.4254545,1100,135,35,TRUE,35
1010,729.1580412,945.3689482,1797,135,36,TRUE,36
1011,678.8264379,973.8007064,1982,135,37,TRUE,37
1012,754.3314763,972.5086351,1795,135,38,TRUE,38
18,468.4217228,882.6996255,1335,136,1,FALSE,1
29,710.3338736,777.6844949,1851,136,8,FALSE,3
30,772.3393939,770.6282828,990,136,5,FALSE,4
32,658.2662582,762.7101791,2122,136,3,FALSE,2
43,600.651178,490.9875654,1528,136,6,FALSE,6
22,459.5624071,875.4769688,1346,137,1,FALSE,1
35,720.7690753,780.5376453,1979,137,8,FALSE,3
37,773.9261242,764.8543897,934,137,5,FALSE,4
38,656.13027,762.799621,2111,137,3,FALSE,2
48,621.6474401,530.2987686,1543,137,6,FALSE,6
28,448.5360825,871.7820324,1358,138,1,FALSE,1
30,711.1911614,795.3699897,1946,138,8,FALSE,3
31,653.9919736,763.98017,2118,138,3,FALSE,2
32,772.0993852,760.789959,976,138,5,FALSE,4
48,614.6030341,574.8381795,1582,138,6,FALSE,6
1,437.7060985,871.7590007,1361,139,1,FALSE,1
5,695.7000988,780.8730237,2024,139,8,FALSE,3
6,643.3063749,760.3363463,2102,139,3,FALSE,2
7,772.4560932,755.4041219,1116,139,5,FALSE,4
13,583.2579186,603.1725921,1547,139,6,FALSE,6
1,426.9153046,877.0824666,1346,140,1,FALSE,1
4,771.9308642,752.3292181,1215,140,5,FALSE,4
11,538.2428571,606.0038961,1540,140,6,FALSE,6
12,683.0761671,752.0265356,2035,140,8,FALSE,3
13,630.9346062,757.0821002,2095,140,3,FALSE,2
1,420.7899475,886.3495874,1333,141,1,FALSE,1
2,633.2889207,755.1704871,2094,141,3,FALSE,2
3,773.4587074,746.6122083,1114,141,5,FALSE,4
7,687.9321608,712.7703518,1990,141,8,FALSE,3
9,501.193858,581.4408189,1563,141,6,FALSE,6
1,418.6309077,896.8904726,1333,142,1,FALSE,1
3,633.3602099,754.0572519,2096,142,3,FALSE,2
4,778.0255987,743.8191577,1211,142,5,FALSE,4
7,695.2735174,702.0429448,1956,142,8,FALSE,3
11,489.5517677,539.8598485,1584,142,6,FALSE,6
1,420.6260801,908.3150039,1273,143,1,FALSE,1
4,633.0146711,754.2536678,2113,143,3,FALSE,2
5,781.7040472,740.4013491,1186,143,5,FALSE,4
7,705.9551382,700.801252,1917,143,8,FALSE,3
11,506.218125,499.424375,1600,143,6,FALSE,6
1,427.4570248,917.1991736,1210,144,1,FALSE,1
2,631.9870504,755.81247,2085,144,3,FALSE,2
3,785.7020408,737.0285714,980,144,5,FALSE,4
7,714.9325026,704.5508827,1926,144,8,FALSE,3
11,543.9262701,479.8178439,1614,144,6,FALSE,6
1,438.0959378,921.5661193,1157,145,1,FALSE,1
2,630.246884,757.0723873,2086,145,3,FALSE,2
3,789.2302772,735.6172708,938,145,5,FALSE,4
5,720.1117524,712.0860441,1906,145,8,FALSE,3
12,586.6649146,488.2963206,1522,145,6,FALSE,6
1,449.3394415,920.6937173,1146,146,1,FALSE,1
3,628.8539971,758.9942556,2089,146,3,FALSE,2
4,792.7722096,732.1025057,878,146,5,FALSE,4
7,719.3276866,721.5330863,1889,146,8,FALSE,3
13,614.9414929,522.5917956,1487,146,6,FALSE,6
2,460.5289855,914.7971014,1104,147,1,FALSE,1
3,627.7636539,761.9685839,2069,147,3,FALSE,2
4,797.4525745,730.1897019,738,147,5,FALSE,4
5,713.3838275,728.8301887,1855,147,8,FALSE,3
10,615.2777778,566.2858099,1494,147,6,FALSE,6
2,466.0400668,904.7654424,1198,148,1,FALSE,1
4,627.4916468,763.7164678,2095,148,3,FALSE,2
5,704.72909,731.0436612,1901,148,8,FALSE,3
6,801.1111111,728.5297158,774,148,5,FALSE,4
10,588.0690104,601.2356771,1536,148,6,FALSE,6
1,467.9381443,894.7692308,1261,149,1,FALSE,1
5,628.9279805,764.9649635,2055,149,3,FALSE,2
7,695.4215789,727.3284211,1900,149,8,FALSE,3
8,793.3728814,728.7669492,236,149,5,FALSE,4
11,812.3249428,728.3615561,437,149,21,TRUE,21
15,545.6210191,611.6656051,1570,149,6,FALSE,6
1,464.3806255,884.0724638,1311,150,1,FALSE,1
5,628.8443487,766.7715517,2088,150,3,FALSE,2
6,795.5699482,728.4974093,193,150,5,FALSE,4
7,691.1994778,719.5791123,1915,150,8,FALSE,3
9,821.5769231,732.2948718,156,150,2,TRUE,5
11,807.5217391,724.7913043,115,150,21,TRUE,21
16,506.1635101,593.0271465,1584,150,6,FALSE,6
1,456.6911337,876.0123547,1376,151,1,FALSE,1
4,630.5792972,768.2587844,2106,151,3,FALSE,2
6,799.6858974,728.25,156,151,5,FALSE,4
8,824.8042553,731.2425532,235,151,2,TRUE,5
10,692.2018682,712.0633108,1927,151,8,FALSE,3
13,487.086514,553.7372774,1572,151,6,FALSE,6
1,446.7838235,871.7492647,1360,152,1,FALSE,1
3,633.1145481,768.0739488,2069,152,3,FALSE,2
6,802.4109589,734.1369863,73,152,5,FALSE,4
9,697.703314,707.2661757,1901,152,8,FALSE,3
17,497.0125082,511.6872943,1519,152,6,FALSE,6
1,435.0591279,873.4227642,1353,153,1,FALSE,1
4,634.6076739,768.3266187,2085,153,3,FALSE,2
6,836.6818182,742.4848485,66,153,2,FALSE,4
8,808.0588235,729.2156863,102,153,5,TRUE,5
9,706.0392259,707.4346234,1912,153,8,FALSE,3
16,530.4500954,486.0222505,1573,153,6,FALSE,6
1,424.5212528,879.5928412,1341,154,1,FALSE,1
4,635.6345227,768.9132112,2074,154,3,FALSE,2
13,713.4676071,712.7941484,1914,154,8,FALSE,3
22,574.3335476,486.596401,1556,154,6,FALSE,6
1,417.5943683,889.2267884,1314,155,1,FALSE,1
3,636.0430622,769.3311005,2090,155,3,FALSE,2
4,842.2230216,752.6690647,139,155,2,FALSE,4
8,715.6243414,721.5126449,1898,155,8,FALSE,3
9,813.375,732.5,64,155,5,TRUE,5
16,607.9304054,515.277027,1480,155,6,FALSE,6
1,415.8052754,899.9751746,1289,156,1,FALSE,1
2,635.88921,768.9412331,2076,156,3,FALSE,2
3,842.9120879,759.021978,182,156,2,FALSE,4
7,711.9185545,728.7756203,1854,156,8,FALSE,3
14,615.4009156,558.1288424,1529,156,6,FALSE,6
1,419.1253968,912.1563492,1260,157,1,FALSE,1
2,636.2057971,767.8483092,2070,157,3,FALSE,2
4,842.4826087,763.9391304,230,157,2,FALSE,4
6,704.9559055,731.319685,1905,157,8,FALSE,3
16,592.7593443,596.0570492,1525,157,6,FALSE,6
1,428.6257089,920.4546314,1058,158,1,FALSE,1
4,638.0414837,766.1639824,2049,158,3,FALSE,2
5,839.2882883,769.3333333,222,158,2,FALSE,4
13,697.346071,728.459634,1858,158,8,FALSE,3
20,550.8763971,610.6758711,1521,158,6,FALSE,6
2,440.1996337,924.7032967,1092,159,1,FALSE,1
3,638.4479117,766.537206,2083,159,3,FALSE,2
4,841.1891892,769.3390663,407,159,2,FALSE,4
12,698.2707889,719.8768657,1876,159,8,FALSE,3
15,509.9133166,594.9842965,1592,159,6,FALSE,6
1,450.4722736,922.3863216,1082,160,1,FALSE,1
5,638.5638955,765.8052257,2105,160,3,FALSE,2
6,838.4964371,773.7125891,421,160,2,FALSE,4
13,705.3558033,719.8347694,1973,160,8,FALSE,3
16,488.873811,557.131896,1577,160,6,FALSE,6
1,460.0469405,916.3243923,1193,161,1,FALSE,1
2,834.9092827,777.3417722,474,161,2,FALSE,4
3,636.2840855,766.2180523,2105,161,3,FALSE,2
12,690.5660099,719.446798,2030,161,8,FALSE,3
15,497.5860949,513.7758285,1539,161,6,FALSE,6
1,466.4834163,906.8067993,1206,162,1,FALSE,1
2,833.5697211,781.6812749,502,162,2,FALSE,4
4,633.3850992,766.8887276,2067,162,3,FALSE,2
12,693.2334322,732.1597428,2022,162,8,FALSE,3
15,528.8776797,485.519546,1586,162,6,FALSE,6
1,467.6087295,895.1628995,1283,163,1,FALSE,1
5,831.1380531,785.6336283,565,163,2,FALSE,4
7,630.9414007,767.8542163,2099,163,3,FALSE,2
9,689.0942708,763.6807292,1920,163,8,FALSE,3
19,571.5890152,482.2392677,1584,163,6,FALSE,6
1,465.4025204,885.5826538,1349,164,1,FALSE,1
3,831.4896836,787.6231087,727,164,2,FALSE,4
5,680.7988048,777.6568725,2008,164,8,FALSE,3
6,630.6360577,764.0548077,2080,164,3,FALSE,2
15,607.196219,507.7242503,1534,164,6,FALSE,6
1,457.2676471,876.3852941,1360,165,1,FALSE,1
3,828.739726,792.8381071,803,165,2,FALSE,4
4,677.7236971,784.7640118,2034,165,8,FALSE,3
7,628.6258958,760.8299092,2093,165,3,FALSE,2
15,616.5343169,550.7023733,1559,165,6,FALSE,6
1,445.3548148,871.7340741,1350,166,1,FALSE,1
4,826.5157159,796.8975553,859,166,2,FALSE,4
7,661.3619512,784.2180488,2050,166,8,FALSE,3
12,617.3710062,755.713877,2097,166,3,FALSE,2
18,598.7969974,590.4751958,1532,166,6,FALSE,6
1,433.6895522,872.2664179,1340,167,1,FALSE,1
3,824.141189,801.529724,942,167,2,FALSE,4
12,558.040448,609.2016179,1607,167,6,FALSE,6
13,655.151749,764.0730453,1944,167,8,FALSE,3
14,608.3638509,747.9627183,2119,167,3,FALSE,2
1,422.5642965,878.8086233,1322,168,1,FALSE,1
4,822.7041943,803.8675497,906,168,2,FALSE,4
10,603.7738838,748.4791167,2083,168,3,FALSE,2
11,657.8401238,753.1521403,1939,168,8,FALSE,3
16,515.7772843,596.319797,1576,168,6,FALSE,6
1,415.7341299,888.2068708,1339,169,1,FALSE,1
5,821.9480663,804.7171271,905,169,2,FALSE,4
13,600.4412046,747.7839388,2092,169,3,FALSE,2
14,666.502328,743.6451112,1933,169,8,FALSE,3
16,490.8518285,559.9886507,1586,169,6,FALSE,6
1,413.4334828,899.093423,1338,170,1,FALSE,1
3,821.807571,804.9747634,951,170,2,FALSE,4
13,599.9758294,747.6156398,2110,170,3,FALSE,2
14,675.8495621,739.9052035,1941,170,8,FALSE,3
16,496.6226658,516.537669,1553,170,6,FALSE,6
1,417.0341812,910.1875994,1258,171,1,FALSE,1
3,820.7955056,806.5876404,890,171,2,FALSE,4
13,599.8023033,747.6713052,2084,171,3,FALSE,2
14,684.8523909,740.9469854,1924,171,8,FALSE,3
17,526.4573791,487.293257,1572,171,6,FALSE,6
1,423.7082631,917.9106239,1186,172,1,FALSE,1
2,819.5925926,808.2320261,918,172,2,FALSE,4
11,597.9799331,748.4104157,2093,172,3,FALSE,2
12,691.1187699,748.0774125,1886,172,8,FALSE,3
15,570.1505718,483.6518424,1574,172,6,FALSE,6
1,434.8350604,921.8791019,1158,173,1,FALSE,1
2,817.9173729,810.2139831,944,173,2,FALSE,4
11,690.373748,757.167106,1897,173,8,FALSE,3
12,595.1294964,749.4815348,2085,173,3,FALSE,2
14,607.9387352,509.2496706,1518,173,6,FALSE,6
2,448.0443656,919.7480035,1127,174,1,FALSE,1
4,816.6925498,811.9811123,953,174,2,FALSE,4
13,683.8190118,764.0843179,1862,174,8,FALSE,3
17,592.2789246,751.0753721,2083,174,3,FALSE,2
20,620.0943635,551.5642812,1579,174,6,FALSE,6
1,458.1851543,914.8623853,1199,175,1,FALSE,1
2,815.0235415,813.6970317,977,175,2,FALSE,4
8,674.6353004,764.5656566,1881,175,8,FALSE,3
12,589.5747619,752.33,2100,175,3,FALSE,2
15,603.0887306,591.8134715,1544,175,6,FALSE,6
1,462.8235816,907.9007092,1128,176,1,FALSE,1
3,813.1618497,815.3734104,865,176,2,FALSE,4
20,664.8986928,759.2145969,1836,176,8,FALSE,3
21,589.5131253,753.6508172,2019,176,3,FALSE,2
22,564.0925804,612.983585,1523,176,6,FALSE,6
1,465.6825776,897.6229117,1257,177,1,FALSE,1
4,812.5306533,816.6140704,995,177,2,FALSE,4
15,590.2810862,754.8985231,2099,177,3,FALSE,2
16,659.4236326,749.3261094,1938,177,8,FALSE,3
19,521.4559748,604.5383648,1590,177,6,FALSE,6
1,463.7031963,887.1552511,1314,178,1,FALSE,1
4,810.8415459,817.7178744,1035,178,2,FALSE,4
13,590.0569651,757.7151747,2089,178,3,FALSE,2
14,661.1389031,741.0835469,1951,178,8,FALSE,3
16,493.9341935,570.8245161,1550,178,6,FALSE,6
1,457.1276287,876.8259608,1379,179,1,FALSE,1
3,809.7211079,819.7936963,1047,179,2,FALSE,4
11,592.7919463,759.3777565,2086,179,3,FALSE,2
12,666.0188778,736.9952805,1907,179,8,FALSE,3
14,494.4716981,527.7176318,1537,179,6,FALSE,6
1,446.8601997,870.9707561,1402,180,1,FALSE,1
4,808.3814532,819.7848948,1046,180,2,FALSE,4
14,595.1445611,760.4685115,2096,180,3,FALSE,2
15,672.664405,738.0668058,1916,180,8,FALSE,3
18,521.3275218,495.0759651,1606,180,6,FALSE,6
1,434.0563481,869.2332382,1402,181,1,FALSE,1
3,807.3171806,820.8264317,1135,181,2,FALSE,4
12,595.2307692,761.7969422,2093,181,3,FALSE,2
15,677.4593603,743.4551652,1907,181,8,FALSE,3
18,563.5874608,488.0332288,1595,181,6,FALSE,6
1,422.8729927,873.5218978,1370,182,1,FALSE,1
4,807.0983755,821.8050542,1108,182,2,FALSE,4
11,594.0635755,763.6180688,2092,182,3,FALSE,2
12,670.5322917,751.8140625,1920,182,8,FALSE,3
14,601.0237332,508.5612572,1559,182,6,FALSE,6
1,413.0047581,882.6391753,1261,183,1,FALSE,1
5,805.9152174,823.3054348,920,183,2,FALSE,4
14,594.7203557,764.8394269,2024,183,3,FALSE,2
17,673.6654804,748.1154042,1967,183,8,FALSE,3
19,618.3871622,549.6324324,1480,183,6,FALSE,6
1,408.9726937,893.4162362,1355,184,1,FALSE,1
3,806.2964564,822.108038,1157,184,2,FALSE,4
10,596.6254789,765.3577586,2088,184,3,FALSE,2
11,686.1307094,747.5223518,2058,184,8,FALSE,3
13,606.5235029,591.3992273,1553,184,6,FALSE,6
1,410.7601504,905.293985,1330,185,1,FALSE,1
3,804.7636512,823.198044,1227,185,2,FALSE,4
8,598.4428365,765.7071877,2073,185,3,FALSE,2
9,686.0296117,723.7247573,2060,185,8,FALSE,3
11,569.7492447,616.2283988,1655,185,6,FALSE,6
1,418.4928571,915.9650794,1260,186,1,FALSE,1
2,804.3333333,823.9377104,1188,186,2,FALSE,4
11,600.8512195,764.7346341,2050,186,3,FALSE,2
12,698.4771547,694.4247144,1926,186,8,FALSE,3
14,526.7940631,613.4415584,1617,186,6,FALSE,6
1,428.995102,920.5314286,1225,187,1,FALSE,1
3,803.4606011,825.5199025,1231,187,2,FALSE,4
9,602.0984556,763.351834,2072,187,3,FALSE,2
10,704.1339114,687.1262042,2076,187,8,FALSE,3
12,494.4435096,585.3215144,1664,187,6,FALSE,6
1,441.7416388,919.8202341,1196,188,1,FALSE,1
2,802.010878,826.4669775,1287,188,2,FALSE,4
6,603.3062109,762.1035147,2077,188,3,FALSE,2
7,712.1530468,684.1771375,2117,188,8,FALSE,3
9,487.5552147,542.8705521,1630,188,6,FALSE,6
1,452.2860596,913.113618,1241,189,1,FALSE,1
3,800.4544702,828.0289735,1208,189,2,FALSE,4
11,603.6321839,760.137931,2088,189,3,FALSE,2
12,732.1370968,702.1598672,2108,189,8,FALSE,3
14,509.8096992,505.2946593,1629,189,6,FALSE,6
1,458.3317536,904.2622433,1266,190,1,FALSE,1
2,798.4940523,829.6391753,1261,190,2,FALSE,4
9,602.5993314,758.1275072,2094,190,3,FALSE,2
10,736.0439723,735.9481225,2024,190,8,FALSE,3
12,550.3041363,491.1100973,1644,190,6,FALSE,6
1,460.6773712,893.3554892,1339,191,1,FALSE,1
5,798.1092251,829.9357934,1355,191,2,FALSE,4
11,727.3488372,772.4923305,2021,191,8,FALSE,3
12,601.6940404,756.459878,2131,191,3,FALSE,2
14,591.1076345,506.3266583,1598,191,6,FALSE,6
1,458.7682216,882.1909621,1372,192,1,FALSE,1
3,795.8424153,831.9366716,1358,192,2,FALSE,4
4,702.8875622,803.6402985,2010,192,8,FALSE,3
8,599.9139579,754.2624283,2092,192,3,FALSE,2
10,614.9092017,542.9323583,1641,192,6,FALSE,6
1,451.9051663,873.3050248,1413,193,1,FALSE,1
3,794.384033,833.2801101,1453,193,2,FALSE,4
4,687.2660174,811.1629933,1951,193,8,FALSE,3
7,597.944,752.5190588,2125,193,3,FALSE,2
9,610.989441,586.4596273,1610,193,6,FALSE,6
1,440.5640481,868.1740977,1413,194,1,FALSE,1
3,792.202967,834.2427512,1483,194,2,FALSE,4
5,677.7861154,806.9122001,1959,194,8,FALSE,3
7,595.4840675,751.348641,2134,194,3,FALSE,2
9,580.1147944,618.3388582,1629,194,6,FALSE,6
1,428.7093106,868.3390192,1407,195,1,FALSE,1
3,790.6055963,835.9087275,1501,195,2,FALSE,4
6,673.0056266,798.6946292,1955,195,8,FALSE,3
8,593.8361124,749.7903764,2099,195,3,FALSE,2
10,535.9888545,622.552322,1615,195,6,FALSE,6
1,417.0876693,873.7263008,1403,196,1,FALSE,1
2,789.2877984,837.443634,1508,196,2,FALSE,4
4,672.5655992,789.9622934,1936,196,8,FALSE,3
5,592.3070383,749.1818611,2117,196,3,FALSE,2
7,500.2875616,599.0030788,1624,196,6,FALSE,6
1,409.252149,883.2270774,1396,197,1,FALSE,1
3,788.9329227,838.5140315,1461,197,2,FALSE,4
7,678.0185854,783.1956634,1937,197,8,FALSE,3
8,589.6630072,748.6548926,2095,197,3,FALSE,2
10,485.9105295,557.9020085,1643,197,6,FALSE,6
1,405.5427319,895.4390066,1369,198,1,FALSE,1
3,787.1045627,839.4670469,1578,198,2,FALSE,4
5,686.13909,782.0729059,1934,198,8,FALSE,3
6,588.312765,749.3674046,2123,198,3,FALSE,2
8,502.5697311,517.1701063,1599,198,6,FALSE,6
1,407.8401207,907.061086,1326,199,1,FALSE,1
4,785.3989704,840.6660232,1554,199,2,FALSE,4
5,692.2548303,786.1237598,1915,199,8,FALSE,3
6,587.0799811,750.5683862,2113,199,3,FALSE,2
8,540.1222155,495.961469,1661,199,6,FALSE,6
1,415.3392719,916.9008521,1291,200,1,FALSE,1
2,784.8679599,841.4073842,1598,200,2,FALSE,4
4,693.8930257,793.0052438,1907,200,8,FALSE,3
5,584.7185741,751.3597561,2132,200,3,FALSE,2
7,582.774375,504.12875,1600,200,6,FALSE,6
1,426.4218623,921.9919028,1235,201,1,FALSE,1
2,783.0190535,842.8156116,1627,201,2,FALSE,4
4,686.7821888,797.2816524,1864,201,8,FALSE,3
5,582.1470865,752.7391917,2128,201,3,FALSE,2
7,611.4164077,537.5991299,1609,201,6,FALSE,6
1,438.7886978,920.4299754,1221,202,1,FALSE,1
2,781.730198,844.6992574,1616,202,2,FALSE,4
4,680.259596,791.1494949,1980,202,8,FALSE,3
5,580.2196152,754.5274519,2131,202,3,FALSE,2
7,612.8915065,580.3304402,1613,202,6,FALSE,6
1,448.7858268,914.2165354,1270,203,1,FALSE,1
3,780.4465257,845.6066465,1655,203,2,FALSE,4
4,692.9173913,803.2024155,2070,203,8,FALSE,3
5,579.9351251,757.2673772,2158,203,3,FALSE,2
7,585.0560241,615.6307229,1660,203,6,FALSE,6
1,455.2688679,904.2625786,1272,204,1,FALSE,1
3,778.976335,846.8507282,1648,204,2,FALSE,4
5,702.9606686,791.6725664,2034,204,8,FALSE,3
6,579.2350447,759.4870466,2123,204,3,FALSE,2
8,542.0442532,624.4056546,1627,204,6,FALSE,6
1,456.4707646,893.5584708,1334,205,1,FALSE,1
3,777.5963415,848.4487805,1640,205,2,FALSE,4
5,728.0827225,774.6575916,1910,205,8,FALSE,3
6,579.6198582,761.5177305,2115,205,3,FALSE,2
8,503.2313253,603.8933735,1660,205,6,FALSE,6
1,452.3272085,882.8600707,1415,206,1,FALSE,1
4,776.0843658,849.3427729,1695,206,2,FALSE,4
5,740.8445013,772.4624041,1955,206,8,FALSE,3
6,579.3311445,763.6824578,2132,206,3,FALSE,2
8,485.5803733,562.9434076,1661,206,6,FALSE,6
1,442.9964438,874.6671408,1406,207,1,FALSE,1
3,774.0911731,851.0824623,1722,207,2,FALSE,4
4,748.4178082,774.803653,1752,207,8,FALSE,3
6,580.2739274,765.2574257,2121,207,3,FALSE,2
9,496.409204,520.2692786,1608,207,6,FALSE,6
1,432.3004202,870.6932773,1428,208,1,FALSE,1
2,771.9574957,852.828834,1741,208,2,FALSE,4
6,753.4110963,794.4318182,1496,208,8,FALSE,3
10,581.7543366,766.7819972,2133,208,3,FALSE,2
12,529.6165459,493.317029,1656,208,6,FALSE,6
1,420.1978873,871.4753521,1420,209,1,FALSE,1
2,767.2089379,856.9895531,1723,209,2,FALSE,4
4,731.0883721,815.3854651,1720,209,8,FALSE,3
5,582.7050669,768.1032505,2092,209,3,FALSE,2
7,573.5076453,494.1577982,1635,209,6,FALSE,6
1,409.6711937,878.4674768,1399,210,1,FALSE,1
2,770.0498262,855.2549247,1726,210,2,FALSE,4
4,698.884878,825.9087805,2050,210,8,FALSE,3
5,583.3007126,768.664133,2105,210,3,FALSE,2
7,607.339174,521.9249061,1598,210,6,FALSE,6
1,402.5476025,887.4398888,1439,211,1,FALSE,1
2,769.0544725,855.9541284,1744,211,2,FALSE,4
4,665.3826212,810.2069131,2083,211,8,FALSE,3
5,583.2171455,768.2162035,2123,211,3,FALSE,2
7,617.8535692,564.5704698,1639,211,6,FALSE,6
1,401.4736457,899.6449488,1366,212,1,FALSE,1
4,767.7592068,857.0997167,1765,212,2,FALSE,4
6,657.2337531,798.9163728,1985,212,8,FALSE,3
7,585.2712264,767.8160377,2120,212,3,FALSE,2
9,601.1241465,604.4009932,1611,212,6,FALSE,6
1,404.9087564,909.8918322,1359,213,1,FALSE,1
3,766.2602291,858.5777414,1833,213,2,FALSE,4
4,659.047379,787.2091734,1984,213,8,FALSE,3
5,588.5350919,767.6109279,2123,213,3,FALSE,2
7,562.373494,624.776506,1660,213,6,FALSE,6
1,413.3698842,919.4277992,1295,214,1,FALSE,1
3,764.8667029,859.7948857,1838,214,2,FALSE,4
5,666.2750381,779.1032028,1967,214,8,FALSE,3
6,589.1165961,766.8025388,2127,214,3,FALSE,2
8,518.954573,615.8455482,1651,214,6,FALSE,6
1,425.4795597,922.9827044,1272,215,1,FALSE,1
3,763.1311922,861.2863364,1837,215,2,FALSE,4
4,674.1316872,777.087963,1944,215,8,FALSE,3
5,591.9262062,765.8065279,2114,215,3,FALSE,2
7,490.9216975,582.2683802,1673,215,6,FALSE,6
1,439.1088,921.1416,1250,216,1,FALSE,1
2,761.572536,862.961794,1806,216,2,FALSE,4
3,681.2886598,780.9804124,1940,216,8,FALSE,3
4,594.0504955,764.0707881,2119,216,3,FALSE,2
6,489.4649758,538.5573671,1656,216,6,FALSE,6
1,450.2277778,914.3793651,1260,217,1,FALSE,1
2,760.2898003,863.7625472,1853,217,2,FALSE,4
3,683.72642,789.4257426,1919,217,8,FALSE,3
4,595.1874119,761.6820103,2129,217,3,FALSE,2
6,516.2168601,504.4111179,1637,217,6,FALSE,6
1,457.2594888,904.7172734,1291,218,1,FALSE,1
3,758.5437838,864.952973,1850,218,2,FALSE,4
4,680.218799,797.475718,1915,218,8,FALSE,3
5,594.9773585,759.1301887,2120,218,3,FALSE,2
8,558.2084095,494.2522852,1641,218,6,FALSE,6
1,459.0094821,893.2669584,1371,219,1,FALSE,1
6,757.5660981,866.3352878,1876,219,2,FALSE,4
7,672.3588689,800.9737789,1945,219,8,FALSE,3
8,593.3325527,756.1461358,2135,219,3,FALSE,2
10,598.197775,511.9975278,1618,219,6,FALSE,6
1,455.1512838,882.3018737,1441,220,1,FALSE,1
2,756.3137566,867.0306878,1890,220,2,FALSE,4
4,665.9286073,798.5801911,1989,220,8,FALSE,3
5,591.3763441,753.4988312,2139,220,3,FALSE,2
7,617.2901086,550.1206273,1658,220,6,FALSE,6
1,754.6055884,868.674906,1861,221,2,FALSE,4
2,447.1180124,872.1180124,1449,221,1,FALSE,1
4,661.9072948,792.4924012,1974,221,8,FALSE,3
5,589.5130964,752.0434986,2138,221,3,FALSE,2
7,607.409601,592.0492519,1604,221,6,FALSE,6
1,753.2694328,869.7321429,1904,222,2,FALSE,4
2,435.8506057,867.3606999,1486,222,1,FALSE,1
4,663.6475038,784.5627837,1983,222,8,FALSE,3
5,587.6490496,750.7899861,2157,222,3,FALSE,2
7,570.8491686,617.1401425,1684,222,6,FALSE,6
1,751.9952356,870.9174166,1889,223,2,FALSE,4
2,422.4890859,867.3240109,1466,223,1,FALSE,1
4,670.8440833,779.0782123,1969,223,8,FALSE,3
5,584.6958547,750.7498836,2147,223,3,FALSE,2
7,526.5050807,612.4686192,1673,223,6,FALSE,6
1,750.2619175,872.3492234,1867,224,2,FALSE,4
2,410.4834025,873.2378976,1446,224,1,FALSE,1
4,678.8643371,779.5626927,1946,224,8,FALSE,3
5,582.9981176,752.1308235,2125,224,3,FALSE,2
7,495.4336493,581.3797393,1688,224,6,FALSE,6
1,402.8029557,882.7846587,1421,225,1,FALSE,1
2,749.7233475,872.9381663,1876,225,2,FALSE,4
3,684.3610827,785.8268641,1958,225,8,FALSE,3
4,581.6648045,753.4315642,2148,225,3,FALSE,2
6,490.4850336,537.4496029,1637,225,6,FALSE,6
1,400.3635724,894.7313643,1422,226,1,FALSE,1
2,747.872284,874.1568627,1887,226,2,FALSE,4
4,684.5398868,794.7251673,1943,226,8,FALSE,3
5,579.673903,754.0512702,2165,226,3,FALSE,2
7,513.8937313,500.2155224,1675,226,6,FALSE,6
1,403.9030391,906.581042,1382,227,1,FALSE,1
3,746.686378,875.0496304,1894,227,2,FALSE,4
4,678.4284982,801.9764223,1951,227,8,FALSE,3
5,576.7781868,754.6847676,2173,227,3,FALSE,2
7,555.2914663,487.9002404,1664,227,6,FALSE,6
1,411.4180835,916.4814529,1294,228,1,FALSE,1
5,745.5718085,876.2585106,1880,228,2,FALSE,4
6,669.3445464,802.9729867,1962,228,8,FALSE,3
7,574.0448659,755.5457909,2162,228,3,FALSE,2
9,595.472649,504.6736325,1627,228,6,FALSE,6
1,423.6794258,920.7097289,1254,229,1,FALSE,1
2,744.2922833,876.8736786,1892,229,2,FALSE,4
3,662.0529501,798.3166919,1983,229,8,FALSE,3
4,572.1086657,757.1627694,2181,229,3,FALSE,2
6,616.5399645,544.0751924,1689,229,6,FALSE,6
1,436.7805092,919.6760316,1139,230,1,FALSE,1
4,742.8827778,878.5366667,1800,230,2,FALSE,4
5,659.2025575,789.402046,1955,230,8,FALSE,3
6,571.8243243,759.6365331,2146,230,3,FALSE,2
7,608.3023856,587.1998711,1551,230,6,FALSE,6
1,446.5806202,914.3147287,1290,231,1,FALSE,1
2,741.7270811,879.2892518,1898,231,2,FALSE,4
3,663.1196148,781.427775,1973,231,8,FALSE,3
4,570.8376503,761.8987049,2162,231,3,FALSE,2
6,574.9507418,615.7661721,1685,231,6,FALSE,6
1,453.7453043,904.0368144,1331,232,1,FALSE,1
3,740.3601253,880.2948852,1916,232,2,FALSE,4
4,670.8095477,777.8899497,1990,232,8,FALSE,3
5,571.5965804,764.5291128,2164,232,3,FALSE,2
7,531.0501814,618.098549,1654,232,6,FALSE,6
1,456.7523466,892.6072202,1385,233,1,FALSE,1
2,739.460074,880.9883659,1891,233,2,FALSE,4
5,678.7129724,780.2645557,1958,233,8,FALSE,3
6,572.68186,766.4502762,2172,233,3,FALSE,2
7,494.0783848,592.9910926,1684,233,6,FALSE,6
1,738.0129601,882.0870918,1929,234,2,FALSE,4
2,454.1322199,881.0744607,1437,234,1,FALSE,1
5,683.2868852,788.244877,1952,234,8,FALSE,3
6,573.3959391,768.0369174,2167,234,3,FALSE,2
8,481.5053635,550.6495828,1678,234,6,FALSE,6
1,737.2593946,882.9154489,1916,235,2,FALSE,4
2,447.1974132,871.0599047,1469,235,1,FALSE,1
4,681.5423902,797.4974464,1958,235,8,FALSE,3
5,574.3789619,769.5181442,2177,235,3,FALSE,2
7,498.6253776,511.1570997,1655,235,6,FALSE,6
1,736.0735908,883.5386221,1916,236,2,FALSE,4
3,436.4595142,864.6275304,1482,236,1,FALSE,1
5,674.7980622,803.4477307,1961,236,8,FALSE,3
6,574.9151765,770.7666208,2181,236,3,FALSE,2
9,537.8090482,491.5934195,1702,236,6,FALSE,6
1,736.0357698,883.5816485,1929,237,2,FALSE,4
2,423.6949153,863.8861017,1475,237,1,FALSE,1
4,667.1289833,803.0976227,1977,237,8,FALSE,3
5,575.5578418,772.2455418,2187,237,3,FALSE,2
9,580.2855429,501.2717457,1667,237,6,FALSE,6
1,735.9973726,883.677877,1903,238,2,FALSE,4
2,410.8019126,868.670765,1464,238,1,FALSE,1
6,661.8683025,797.2188282,1997,238,8,FALSE,3
7,577.6057825,773.6158788,2179,238,3,FALSE,2
10,608.6117368,534.4309425,1687,238,6,FALSE,6
1,734.6727845,885.0230729,1907,239,2,FALSE,4
2,402.1953393,876.8286498,1459,239,1,FALSE,1
4,661.9363958,788.9293286,1981,239,8,FALSE,3
5,579.0987996,773.2760849,2166,239,3,FALSE,2
7,610.4711824,578.5038622,1683,239,6,FALSE,6
1,733.4219745,885.4718684,1884,240,2,FALSE,4
2,398.8381219,888.6187807,1427,240,1,FALSE,1
5,667.7476022,782.6208985,1981,240,8,FALSE,3
6,580.5922509,773.6978782,2168,240,3,FALSE,2
8,583.5603396,613.7598545,1649,240,6,FALSE,6
1,401.3695807,900.1755508,1407,241,1,FALSE,1
2,732.4961079,886.7182148,1927,241,2,FALSE,4
5,675.7253024,780.3548387,1984,241,8,FALSE,3
6,583.7465438,773.0576037,2170,241,3,FALSE,2
8,541.1538462,623.6526627,1690,241,6,FALSE,6
1,408.8382353,910.6720588,1360,242,1,FALSE,1
3,731.2684492,887.4550802,1870,242,2,FALSE,4
4,682.4967451,784.6234352,1997,242,8,FALSE,3
5,585.7674204,771.0950623,2167,242,3,FALSE,2
7,502.0289256,605.0265643,1694,242,6,FALSE,6
1,420.5380558,916.6465712,1327,243,1,FALSE,1
2,730.5655824,887.6065058,1906,243,2,FALSE,4
4,685.0767263,793.3780051,1955,243,8,FALSE,3
5,585.996298,769.1059695,2161,243,3,FALSE,2
7,482.0117028,565.8624927,1709,243,6,FALSE,6
1,434.3241973,917.4596711,1277,244,1,FALSE,1
3,729.6035658,888.8143681,1907,244,2,FALSE,4
4,681.1461022,802.535364,1937,244,8,FALSE,3
5,585.3006961,766.7758701,2155,244,3,FALSE,2
8,491.6237207,523.25587,1661,244,6,FALSE,6
1,445.3115997,912.7134193,1319,245,1,FALSE,1
2,728.1767442,889.8289406,1935,245,2,FALSE,4
3,673.4697436,806.6615385,1950,245,8,FALSE,3
4,584.4228972,764.4598131,2140,245,3,FALSE,2
7,523.9277321,496.0023502,1702,245,6,FALSE,6
1,453.8135849,904.6588679,1325,246,1,FALSE,1
3,727.3571429,890.3115942,1932,246,2,FALSE,4
4,665.881,804.61,2000,246,8,FALSE,3
5,582.6621685,762.0018613,2149,246,3,FALSE,2
8,567.2587955,494.751938,1677,246,6,FALSE,6
1,458.017341,893.8612717,1384,247,1,FALSE,1
2,726.2366048,890.9718833,1885,247,2,FALSE,4
3,661.9040888,797.9374054,1981,247,8,FALSE,3
4,581.2857143,761.368932,2163,247,3,FALSE,2
6,602.8574909,520.9482339,1642,247,6,FALSE,6
1,724.9155578,892.1837257,1954,248,2,FALSE,4
2,457.0567327,882.6288448,1463,248,1,FALSE,1
4,663.6227364,790.165996,1988,248,8,FALSE,3
5,579.4470534,762.0225599,2172,248,3,FALSE,2
7,616.2560533,562.3613801,1652,248,6,FALSE,6
1,723.8083678,892.9540289,1936,249,2,FALSE,4
2,452.4186521,874.8556841,1469,249,1,FALSE,1
4,670.9798387,785.171875,1984,249,8,FALSE,3
5,577.6762125,763.2923788,2165,249,3,FALSE,2
7,602.0645356,603.8636912,1658,249,6,FALSE,6
1,722.8970512,893.6658044,1933,250,2,FALSE,4
2,443.265428,865.7936297,1507,250,1,FALSE,1
4,679.1474423,785.7181545,1994,250,8,FALSE,3
5,576.4747243,764.2504596,2176,250,3,FALSE,2
7,564.6977286,626.8998253,1717,250,6,FALSE,6
1,722.0617347,894.1908163,1960,251,2,FALSE,4
2,431.2009253,860.2716457,1513,251,1,FALSE,1
4,685.2327456,791.4110831,1985,251,8,FALSE,3
6,574.9633532,763.8337151,2183,251,3,FALSE,2
8,521.4222615,622.9246172,1698,251,6,FALSE,6
1,721.0782433,894.8152448,1981,252,2,FALSE,4
2,418.9086128,860.8869165,1521,252,1,FALSE,1
5,685.7784553,800.8328252,1968,252,8,FALSE,3
6,572.4480073,763.7379753,2183,252,3,FALSE,2
8,489.9408665,592.7892272,1708,252,6,FALSE,6
1,719.8603352,895.6180802,1969,253,2,FALSE,4
2,407.4285714,866.6576695,1519,253,1,FALSE,1
5,679.7597964,808.6137405,1965,253,8,FALSE,3
6,569.4007303,764.297581,2191,253,3,FALSE,2
8,483.9161328,550.1042516,1717,253,6,FALSE,6
1,719.0664921,896.1722513,1910,254,2,FALSE,4
2,400.2066806,877.7174669,1437,254,1,FALSE,1
5,670.3520695,810.7715892,1957,254,8,FALSE,3
6,566.795225,765.6386593,2178,254,3,FALSE,2
8,505.6123427,512.0641102,1669,254,6,FALSE,6
1,717.6118653,897.0412267,1989,255,2,FALSE,4
2,398.6456747,889.6858131,1445,255,1,FALSE,1
4,662.3871292,806.3569633,1989,255,8,FALSE,3
5,564.5052535,766.8679762,2189,255,3,FALSE,2
9,545.3867925,494.8413915,1696,255,6,FALSE,6
1,402.9659816,901.3196315,1411,256,1,FALSE,1
2,716.9039548,897.6774525,1947,256,2,FALSE,4
4,659.0704225,798.4557344,1988,256,8,FALSE,3
5,563.7639836,768.8753979,2199,256,3,FALSE,2
7,586.8265793,506.4445769,1678,256,6,FALSE,6
1,411.8409091,909.8533724,1364,257,1,FALSE,1
2,715.5667341,898.2386249,1978,257,2,FALSE,4
5,662.4270677,790.526817,1995,257,8,FALSE,3
6,563.0067812,770.9231465,2212,257,3,FALSE,2
8,615.1673493,540.0760679,1709,257,6,FALSE,6
2,423.9797126,912.9721048,1183,258,1,FALSE,1
3,714.5759298,899.2737603,1936,258,2,FALSE,4
4,669.7837699,786.510529,1947,258,8,FALSE,3
5,563.3104081,773.5020633,2181,258,3,FALSE,2
7,616.4448552,584.0437461,1623,258,6,FALSE,6
1,435.3899848,912.0371775,1318,259,1,FALSE,1
2,713.3402114,899.9622547,1987,259,2,FALSE,4
3,678.0105528,788.8879397,1990,259,8,FALSE,3
4,564.2243502,775.8431373,2193,259,3,FALSE,2
6,590.0383481,618.4230088,1695,259,6,FALSE,6
1,445.0749064,906.1011236,1335,260,1,FALSE,1
2,712.6392216,900.262475,2004,260,2,FALSE,4
3,682.1094527,795.2283582,2010,260,8,FALSE,3
4,565.1790844,777.7136445,2228,260,3,FALSE,2
6,547.8769588,630.4643064,1723,260,6,FALSE,6
1,711.6773874,901.0163286,2021,261,2,FALSE,4
2,451.6435354,896.2242513,1369,261,1,FALSE,1
4,681.48762,804.2688226,1979,261,8,FALSE,3
5,565.8338615,778.9669534,2209,261,3,FALSE,2
7,506.6116279,614.7034884,1720,261,6,FALSE,6
1,710.9882353,901.1710784,2040,262,2,FALSE,4
2,453.735037,884.7188971,1487,262,1,FALSE,1
4,675.4016145,810.962664,1982,262,8,FALSE,3
5,566.7239209,779.2670863,2224,262,3,FALSE,2
7,485.1331019,576.3813657,1728,262,6,FALSE,6
1,710.3896877,901.6926128,2017,263,2,FALSE,4
2,450.7839506,872.8888889,1458,263,1,FALSE,1
4,667.138001,811.8797565,1971,263,8,FALSE,3
5,567.5116279,780.0437756,2193,263,3,FALSE,2
7,492.1368294,533.7594937,1659,263,6,FALSE,6
1,709.670987,902.166002,2006,264,2,FALSE,4
2,442.032908,862.8226998,1489,264,1,FALSE,1
4,661.4420686,806.8354053,2011,264,8,FALSE,3
5,569.4042266,780.9033273,2224,264,3,FALSE,2
7,524.0260201,503.4624483,1691,264,6,FALSE,6
1,708.0990447,903.331825,1989,265,2,FALSE,4
2,430.9875433,858.483737,1445,265,1,FALSE,1
4,660.2946565,799.1033079,1965,265,8,FALSE,3
5,571.73883,780.9401198,2171,265,3,FALSE,2
8,568.4906015,499.5125313,1596,265,6,FALSE,6
1,706.8649706,903.6472603,2044,266,2,FALSE,4
2,418.412688,859.0555919,1529,266,1,FALSE,1
4,665.5349529,791.79177,2017,266,8,FALSE,3
5,573.495471,781.317029,2208,266,3,FALSE,2
7,606.078806,521.3844776,1675,266,6,FALSE,6
1,705.6376238,904.5757426,2020,267,2,FALSE,4
2,406.2767503,864.663144,1514,267,1,FALSE,1
5,673.4402421,789.9051942,1983,267,8,FALSE,3
6,576.2247956,780.5340599,2202,267,3,FALSE,2
8,623.1547969,561.216598,1699,267,6,FALSE,6
1,704.4033284,905.1767009,2043,268,2,FALSE,4
2,399.4238766,874.4473508,1491,268,1,FALSE,1
4,680.8381989,794.0321623,2021,268,8,FALSE,3
5,578.90181,779.6040724,2210,268,3,FALSE,2
7,613.5856386,603.8281342,1699,268,6,FALSE,6
1,703.3960976,905.757561,2050,269,2,FALSE,4
2,396.8065395,886.520436,1468,269,1,FALSE,1
4,684.1261893,802.4591888,1997,269,8,FALSE,3
5,579.3661525,777.9528131,2204,269,3,FALSE,2
7,580.0791158,632.7009889,1719,269,6,FALSE,6
1,702.5336008,906.3224674,1994,270,2,FALSE,4
2,401.4237686,898.724785,1279,270,1,FALSE,1
5,680.5574859,811.147164,1957,270,8,FALSE,3
6,578.7418453,775.6644921,2146,270,3,FALSE,2
8,536.099223,635.7316198,1673,270,6,FALSE,6
2,701.6936979,907.0278035,2158,271,2,FALSE,4
3,407.7148988,907.8638872,1631,271,1,FALSE,1
10,674.0664498,814.6342937,2152,271,8,FALSE,3
16,578.2378309,773.4081981,2342,271,3,FALSE,2
48,499.4391281,611.517278,1881,271,6,FALSE,6
